{
  "project_info": {
    "project_number": "709594252784",
    "project_id": "ebuspass-51771",
    "storage_bucket": "ebuspass-51771.appspot.com"
  },
  "client": [
    {
      "client_info": {
        "mobilesdk_app_id": "1:709594252784:android:29b42fd5a82dba40d28935",
        "android_client_info": {
          "package_name": "com.example.ebuspass"
        }
      },
      "oauth_client": [
        {
          "client_id": "709594252784-9tk8og2t8gqed1mk82r0bss0udcv3sm8.apps.googleusercontent.com",
          "client_type": 3
        }
      ],
      "api_key": [
        {
          "current_key": "AIzaSyAEdsMQRC-i1c9twmsEhJaMddTCjAsG0Hg"
        }
      ],
      "services": {
        "appinvite_service": {
          "other_platform_oauth_client": [
            {
              "client_id": "709594252784-9tk8og2t8gqed1mk82r0bss0udcv3sm8.apps.googleusercontent.com",
              "client_type": 3
            }
          ]
        }
      }
    }
  ],
  "configuration_version": "1"
}